,FAMILY,MUT,TEMP,TIME,Aca,Hca,Aco,Hco,RelativeDecrease
0,1x1,C,38,40,42453,39165,42453,35529,1.102338934391624
1,1x1,M,38,40,45306,41422,45306,41600,0.9957211538461539
2,1x2,C,38,40,43736,40612,43736,40881,0.9934199261270518
3,1x2,M,38,40,27926,16814,27926,422,39.843601895734594
4,2x1,C,38,40,61808,60699,61808,54235,1.1191850281183737
5,2x1,M,38,40,57555,50755,57555,548,92.61861313868614
6,2x2,C,38,40,60025,53575,60025,1661,32.25466586393739
7,2x2,M,38,40,61532,56725,61532,56725,1.0
