,FAMILY,MUT,TEMP,TIME,fH+,fH-,hH+,hH-,sH+,sH-,RelativeDecreaseHatched,RelativeDecreaseSwim
0,1x1,C,38,40,181,150,114,141,100,124,0.6700364405783472,0.6683300659418999
1,1x1,M,38,40,228,110,90,89,30,60,0.48787699586043765,0.2412280701754386
2,1x2,C,38,40,126,156,67,128,63,121,0.6480654761904762,0.6446280991735537
3,1x2,M,38,40,145,175,82,141,49,122,0.7018831010026901,0.48473713962690784
4,2x1,C,38,40,142,151,127,150,95,113,0.9003286384976527,0.893992272217375
5,2x1,M,38,40,240,174,192,163,122,119,0.8539877300613498,0.7432773109243697
6,2x2,C,38,40,150,147,133,136,122,137,0.9583823529411765,0.8727007299270073
7,2x2,M,38,40,191,153,173,116,161,106,1.1946651020039718,1.2166847772399485
