,FAMILY,MUT,TEMP,TIME,Aca,Hca,Sca,Aco,Hco,Sco,RelativeDecreaseHatched,RelativeDecreaseSwim
0,1x1,C,38,40,42453,39165,272,42453,35529,1200,1.102338934391624,0.22666666666666668
1,1x1,M,38,40,45306,41422,10,45306,41600,126,0.9957211538461539,0.07936507936507936
2,1x2,C,38,40,43736,40612,1,43736,40881,6000,0.9934199261270518,0.00016666666666666666
3,1x2,M,38,40,27926,16814,11,27926,422,11,39.843601895734594,1.0
4,2x1,C,38,40,61808,60699,145,61808,54235,2300,1.1191850281183737,0.06304347826086956
5,2x1,M,38,40,57555,50755,118,57555,548,27,92.61861313868614,4.37037037037037
6,2x2,C,38,40,60025,53575,41,60025,1661,200,32.25466586393739,0.205
7,2x2,M,38,40,61532,56725,4,61532,56725,2000,1.0,0.0019999999999999996
