,Rep,MUT,TEMP,TIME,Aca,Sca,Aco,Sco,RelativeDecreaseSwim
0,1,C,38,40,152200.0,66000.0,152200.0,60000.0,1.1
1,1,M,38,40,217815.0,6000.0,217815.0,23000.0,0.2608695652173913
2,2,C,38,40,121854.0,21000.0,121854.0,60000.0,0.35000000000000003
3,2,M,38,40,121325.0,2000.0,121325.0,17000.0,0.11764705882352941
4,F,C,38,40,,,157311.0,17000.0,
